brand,card_id,coord_name,part,img_url
"リング3だん","APR3-001","アニマルバズリウムプードルピンク","ワンピース","https://aipri.jp/verse/item/img/ring3/Item_ID32085.webp"
"リング3だん","APR3-002","アニマルバズリウムプードルピンク","シューズ","https://aipri.jp/verse/item/img/ring3/Item_ID32086.webp"
"リング3だん","APR3-003","アニマルバズリウムプードルピンク","アクセサリ","https://aipri.jp/verse/item/img/ring3/Item_ID32087.webp"
"リング3だん","APR3-004","アニマルバズリウムプードルブルー","ワンピース","https://aipri.jp/verse/item/img/ring3/Item_ID32088.webp"
"リング3だん","APR3-005","アニマルバズリウムプードルブルー","シューズ","https://aipri.jp/verse/item/img/ring3/Item_ID32089.webp"
"リング3だん","APR3-006","アニマルバズリウムプードルブルー","アクセサリ","https://aipri.jp/verse/item/img/ring3/Item_ID32090.webp"
"リング3だん","APR3-173","あこがれコズミックツイン　すばる","ワンピース","https://aipri.jp/verse/item/img/ring3/Item_ID32056.webp"
"リング3だん","APR3-174","あこがれコズミックツイン　すばる","シューズ","https://aipri.jp/verse/item/img/ring3/Item_ID32057.webp"
"リング3だん","APR3-175","あこがれコズミックツイン　すばる","アクセサリ","https://aipri.jp/verse/item/img/ring3/Item_ID32058.webp"
"リング3だん","APR3-176","あこがれコズミックツイン　おとめ","ワンピース","https://aipri.jp/verse/item/img/ring3/Item_ID32059.webp"
"リング3だん","APR3-177","あこがれコズミックツイン　おとめ","シューズ","https://aipri.jp/verse/item/img/ring3/Item_ID32060.webp"
"リング3だん","APR3-178","あこがれコズミックツイン　おとめ","アクセサリ","https://aipri.jp/verse/item/img/ring3/Item_ID32061.webp"
"リング3だん","APR3-010","アニマルバズリウムパンサー","ワンピース","https://aipri.jp/verse/item/img/ring3/Item_ID31925.webp"
"リング3だん","APR3-011","アニマルバズリウムパンサー","シューズ","https://aipri.jp/verse/item/img/ring3/Item_ID31926.webp"
"リング3だん","APR3-012","アニマルバズリウムパンサー","アクセサリ","https://aipri.jp/verse/item/img/ring3/Item_ID31927.webp"
"リング3だん","APR3-013","アニマルバズリウムタイガー","ワンピース","https://aipri.jp/verse/item/img/ring3/Item_ID31928.webp"
"リング3だん","APR3-014","アニマルバズリウムタイガー","シューズ","https://aipri.jp/verse/item/img/ring3/Item_ID31929.webp"
"リング3だん","APR3-015","アニマルバズリウムタイガー","アクセサリ","https://aipri.jp/verse/item/img/ring3/Item_ID31930.webp"
"リング3だん","APR3-024","おしゃれのクリスタルブルー","トップス","https://aipri.jp/verse/item/img/ring3/Item_ID31939.webp"
"リング3だん","APR3-025","おしゃれのクリスタルブルー","ボトムス","https://aipri.jp/verse/item/img/ring3/Item_ID31940.webp"
"リング3だん","APR3-026","おしゃれのクリスタルブルー","シューズ","https://aipri.jp/verse/item/img/ring3/Item_ID31941.webp"
"リング3だん","APR3-027","おしゃれのクリスタルブルー","アクセサリ","https://aipri.jp/verse/item/img/ring3/Item_ID31942.webp"
"リング3だん","APR3-028","しあわせナース","トップス","https://aipri.jp/verse/item/img/ring3/Item_ID31943.webp"
"リング3だん","APR3-029","しあわせナース","ボトムス","https://aipri.jp/verse/item/img/ring3/Item_ID31944.webp"
"リング3だん","APR3-030","しあわせナース","シューズ","https://aipri.jp/verse/item/img/ring3/Item_ID31945.webp"
"リング3だん","APR3-031","しあわせナース","アクセサリ","https://aipri.jp/verse/item/img/ring3/Item_ID31946.webp"
"リング3だん","APR3-058","わいるど☆すたーパープル","トップス","https://aipri.jp/verse/item/img/ring3/Item_ID31931.webp"
"リング3だん","APR3-059","わいるど☆すたーパープル","ボトムス","https://aipri.jp/verse/item/img/ring3/Item_ID31932.webp"
"リング3だん","APR3-060","わいるど☆すたーパープル","シューズ","https://aipri.jp/verse/item/img/ring3/Item_ID31933.webp"
"リング3だん","APR3-061","わいるど☆すたーパープル","アクセサリ","https://aipri.jp/verse/item/img/ring3/Item_ID31934.webp"
"リング3だん","APR3-062","わいるど☆すたーレッド","トップス","https://aipri.jp/verse/item/img/ring3/Item_ID31935.webp"
"リング3だん","APR3-063","わいるど☆すたーレッド","ボトムス","https://aipri.jp/verse/item/img/ring3/Item_ID31936.webp"
"リング3だん","APR3-064","わいるど☆すたーレッド","シューズ","https://aipri.jp/verse/item/img/ring3/Item_ID31937.webp"
"リング3だん","APR3-065","わいるど☆すたーレッド","アクセサリ","https://aipri.jp/verse/item/img/ring3/Item_ID31938.webp"
"リング3だん","APR3-066","フラワーガーデンブルー","トップス","https://aipri.jp/verse/item/img/ring3/Item_ID31950.webp"
"リング3だん","APR3-067","フラワーガーデンブルー","ボトムス","https://aipri.jp/verse/item/img/ring3/Item_ID31951.webp"
"リング3だん","APR3-068","フラワーガーデンブルー","シューズ","https://aipri.jp/verse/item/img/ring3/Item_ID31952.webp"
"リング3だん","APR3-069","フラワーガーデンブルー","アクセサリ","https://aipri.jp/verse/item/img/ring3/Item_ID31953.webp"
"リング3だん","APR3-070","おとぎばなしアラビアンナイトブルー","トップス","https://aipri.jp/verse/item/img/ring3/Item_ID31954.webp"
"リング3だん","APR3-071","おとぎばなしアラビアンナイトブルー","ボトムス","https://aipri.jp/verse/item/img/ring3/Item_ID31955.webp"
"リング3だん","APR3-072","おとぎばなしアラビアンナイトブルー","シューズ","https://aipri.jp/verse/item/img/ring3/Item_ID31956.webp"
"リング3だん","APR3-073","おとぎばなしアラビアンナイトブルー","アクセサリ","https://aipri.jp/verse/item/img/ring3/Item_ID31957.webp"
"リング3だん","APR3-074","マーメイドグランプリレッド","ワンピース","https://aipri.jp/verse/item/img/ring3/Item_ID31947.webp"
"リング3だん","APR3-075","マーメイドグランプリレッド","シューズ","https://aipri.jp/verse/item/img/ring3/Item_ID31948.webp"
"リング3だん","APR3-076","マーメイドグランプリレッド","アクセサリ","https://aipri.jp/verse/item/img/ring3/Item_ID31949.webp"
"リング3だん","APR3-186","ダークカルテットスターバズリウムホワイトレッド","ワンピース","https://aipri.jp/verse/item/img/ring3/Item_ID32069.webp"
"リング3だん","APR3-187","ダークカルテットスターバズリウムホワイトレッド","シューズ","https://aipri.jp/verse/item/img/ring3/Item_ID32070.webp"
"リング3だん","APR3-188","ダークカルテットスターバズリウムホワイトレッド","アクセサリ","https://aipri.jp/verse/item/img/ring3/Item_ID32071.webp"
"リング3だん","APR3-189","ダークカルテットスターバズリウムホワイトブルー","ワンピース","https://aipri.jp/verse/item/img/ring3/Item_ID32072.webp"
"リング3だん","APR3-190","ダークカルテットスターバズリウムホワイトブルー","シューズ","https://aipri.jp/verse/item/img/ring3/Item_ID32073.webp"
"リング3だん","APR3-191","ダークカルテットスターバズリウムホワイトブルー","アクセサリ","https://aipri.jp/verse/item/img/ring3/Item_ID32074.webp"
"リング3だん","APR3-192","ダークカルテットスターバズリウムホワイトグリーン","ワンピース","https://aipri.jp/verse/item/img/ring3/Item_ID32075.webp"
"リング3だん","APR3-193","ダークカルテットスターバズリウムホワイトグリーン","シューズ","https://aipri.jp/verse/item/img/ring3/Item_ID32076.webp"
"リング3だん","APR3-194","ダークカルテットスターバズリウムホワイトグリーン","アクセサリ","https://aipri.jp/verse/item/img/ring3/Item_ID32077.webp"
"リング3だん","APR3-195","ダークカルテットスターバズリウムホワイトオレンジ","ワンピース","https://aipri.jp/verse/item/img/ring3/Item_ID32078.webp"
"リング3だん","APR3-196","ダークカルテットスターバズリウムホワイトオレンジ","シューズ","https://aipri.jp/verse/item/img/ring3/Item_ID32079.webp"
"リング3だん","APR3-197","ダークカルテットスターバズリウムホワイトオレンジ","アクセサリ","https://aipri.jp/verse/item/img/ring3/Item_ID32080.webp"
"リング3だん","V6-001","ダークカルテットスターバズリウムレッド","ワンピース","https://aipri.jp/verse/item/img/ring3/Item_ID31119.webp"
"リング3だん","V6-002","ダークカルテットスターバズリウムレッド","シューズ","https://aipri.jp/verse/item/img/ring3/Item_ID31120.webp"
"リング3だん","V6-003","ダークカルテットスターバズリウムレッド","アクセサリ","https://aipri.jp/verse/item/img/ring3/Item_ID31121.webp"
"リング3だん","V6-004","ダークカルテットスターバズリウムブルー","ワンピース","https://aipri.jp/verse/item/img/ring3/Item_ID31122.webp"
"リング3だん","V6-005","ダークカルテットスターバズリウムブルー","シューズ","https://aipri.jp/verse/item/img/ring3/Item_ID31123.webp"
"リング3だん","V6-006","ダークカルテットスターバズリウムブルー","アクセサリ","https://aipri.jp/verse/item/img/ring3/Item_ID31124.webp"
"リング3だん","V6-007","ダークカルテットスターバズリウムグリーン","ワンピース","https://aipri.jp/verse/item/img/ring3/Item_ID31125.webp"
"リング3だん","V6-008","ダークカルテットスターバズリウムグリーン","シューズ","https://aipri.jp/verse/item/img/ring3/Item_ID31126.webp"
"リング3だん","V6-009","ダークカルテットスターバズリウムグリーン","アクセサリ","https://aipri.jp/verse/item/img/ring3/Item_ID31127.webp"
"リング3だん","V6-010","ダークカルテットスターバズリウムオレンジ","ワンピース","https://aipri.jp/verse/item/img/ring3/Item_ID31128.webp"
"リング3だん","V6-011","ダークカルテットスターバズリウムオレンジ","シューズ","https://aipri.jp/verse/item/img/ring3/Item_ID31129.webp"
"リング3だん","V6-012","ダークカルテットスターバズリウムオレンジ","アクセサリ","https://aipri.jp/verse/item/img/ring3/Item_ID31130.webp"
"リング3だん","APR3-007","アニマルバズリウムプードルイエロー","ワンピース","https://aipri.jp/verse/item/img/ring3/Item_ID31895.webp"
"リング3だん","APR3-008","アニマルバズリウムプードルイエロー","シューズ","https://aipri.jp/verse/item/img/ring3/Item_ID31896.webp"
"リング3だん","APR3-009","アニマルバズリウムプードルイエロー","アクセサリ","https://aipri.jp/verse/item/img/ring3/Item_ID31897.webp"
"リング3だん","APR3-020","おしゃれのクリスタルオレンジ","トップス","https://aipri.jp/verse/item/img/ring3/Item_ID31901.webp"
"リング3だん","APR3-021","おしゃれのクリスタルオレンジ","ボトムス","https://aipri.jp/verse/item/img/ring3/Item_ID31902.webp"
"リング3だん","APR3-022","おしゃれのクリスタルオレンジ","シューズ","https://aipri.jp/verse/item/img/ring3/Item_ID31903.webp"
"リング3だん","APR3-023","おしゃれのクリスタルオレンジ","アクセサリ","https://aipri.jp/verse/item/img/ring3/Item_ID31904.webp"
"リング3だん","APR3-032","ウィッシュメロディグランプリ","ワンピース","https://aipri.jp/verse/item/img/ring3/Item_ID31892.webp"
"リング3だん","APR3-033","ウィッシュメロディグランプリ","シューズ","https://aipri.jp/verse/item/img/ring3/Item_ID31893.webp"
"リング3だん","APR3-034","ウィッシュメロディグランプリ","アクセサリ","https://aipri.jp/verse/item/img/ring3/Item_ID31894.webp"
"リング3だん","APR3-035","フラワーガーデン","トップス","https://aipri.jp/verse/item/img/ring3/Item_ID31913.webp"
"リング3だん","APR3-036","フラワーガーデン","ボトムス","https://aipri.jp/verse/item/img/ring3/Item_ID31914.webp"
"リング3だん","APR3-037","フラワーガーデン","シューズ","https://aipri.jp/verse/item/img/ring3/Item_ID31915.webp"
"リング3だん","APR3-038","フラワーガーデン","アクセサリ","https://aipri.jp/verse/item/img/ring3/Item_ID31916.webp"
"リング3だん","APR3-039","アニマルロックブラック","トップス","https://aipri.jp/verse/item/img/ring3/Item_ID31905.webp"
"リング3だん","APR3-040","アニマルロックブラック","ボトムス","https://aipri.jp/verse/item/img/ring3/Item_ID31906.webp"
"リング3だん","APR3-041","アニマルロックブラック","シューズ","https://aipri.jp/verse/item/img/ring3/Item_ID31907.webp"
"リング3だん","APR3-042","アニマルロックブラック","アクセサリ","https://aipri.jp/verse/item/img/ring3/Item_ID31908.webp"
"リング3だん","APR3-043","アニマルロックレッド","トップス","https://aipri.jp/verse/item/img/ring3/Item_ID31909.webp"
"リング3だん","APR3-044","アニマルロックレッド","ボトムス","https://aipri.jp/verse/item/img/ring3/Item_ID31910.webp"
"リング3だん","APR3-045","アニマルロックレッド","シューズ","https://aipri.jp/verse/item/img/ring3/Item_ID31911.webp"
"リング3だん","APR3-046","アニマルロックレッド","アクセサリ","https://aipri.jp/verse/item/img/ring3/Item_ID31912.webp"
"リング3だん","APR3-047","おとぎばなしアラビアンナイトピンク","トップス","https://aipri.jp/verse/item/img/ring3/Item_ID31917.webp"
"リング3だん","APR3-048","おとぎばなしアラビアンナイトピンク","ボトムス","https://aipri.jp/verse/item/img/ring3/Item_ID31918.webp"
"リング3だん","APR3-049","おとぎばなしアラビアンナイトピンク","シューズ","https://aipri.jp/verse/item/img/ring3/Item_ID31919.webp"
"リング3だん","APR3-050","おとぎばなしアラビアンナイトピンク","アクセサリ","https://aipri.jp/verse/item/img/ring3/Item_ID31920.webp"
"リング3だん","APR3-051","スクールメイツクールミント","ワンピース","https://aipri.jp/verse/item/img/ring3/Item_ID31898.webp"
"リング3だん","APR3-052","スクールメイツクールミント","シューズ","https://aipri.jp/verse/item/img/ring3/Item_ID31899.webp"
"リング3だん","APR3-053","スクールメイツクールミント","アクセサリ","https://aipri.jp/verse/item/img/ring3/Item_ID31900.webp"
"リング3だん","APR3-054","ハッピーバースデー！ビビ","トップス","https://aipri.jp/verse/item/img/ring3/Item_ID31921.webp"
"リング3だん","APR3-055","ハッピーバースデー！ビビ","ボトムス","https://aipri.jp/verse/item/img/ring3/Item_ID31922.webp"
"リング3だん","APR3-056","ハッピーバースデー！ビビ","シューズ","https://aipri.jp/verse/item/img/ring3/Item_ID31923.webp"
"リング3だん","APR3-057","ハッピーバースデー！ビビ","アクセサリ","https://aipri.jp/verse/item/img/ring3/Item_ID31924.webp"
"リング3だん","APR3-179","ひみつのプリマジひまり","ワンピース","https://aipri.jp/verse/item/img/ring3/Item_ID32062.webp"
"リング3だん","APR3-180","ひみつのプリマジひまり","シューズ","https://aipri.jp/verse/item/img/ring3/Item_ID32063.webp"
"リング3だん","APR3-181","ひみつのプリマジひまり","アクセサリ","https://aipri.jp/verse/item/img/ring3/Item_ID32064.webp"
"リング3だん","APR3-182","ひみつのディアマイフューチャーみつき","トップス","https://aipri.jp/verse/item/img/ring3/Item_ID32065.webp"
"リング3だん","APR3-183","ひみつのディアマイフューチャーみつき","ボトムス","https://aipri.jp/verse/item/img/ring3/Item_ID32066.webp"
"リング3だん","APR3-184","ひみつのディアマイフューチャーみつき","シューズ","https://aipri.jp/verse/item/img/ring3/Item_ID32067.webp"
"リング3だん","APR3-185","ひみつのディアマイフューチャーみつき","アクセサリ","https://aipri.jp/verse/item/img/ring3/Item_ID32068.webp"
"リング3だん","V1-218","フレッシュピンクベアトップ","トップス","https://aipri.jp/verse/item/img/ring3/Item_ID40139.webp"
"リング3だん","V1-219","フレッシュピンクベアトップ","ボトムス","https://aipri.jp/verse/item/img/ring3/Item_ID40140.webp"
"リング3だん","V1-220","フレッシュピンクベアトップ","シューズ","https://aipri.jp/verse/item/img/ring3/Item_ID40141.webp"
"リング3だん","V6-160","プリズミー☆サンシャイン","トップス","https://aipri.jp/verse/item/img/ring3/Item_ID31264.webp"
"リング3だん","V6-161","プリズミー☆サンシャイン","ボトムス","https://aipri.jp/verse/item/img/ring3/Item_ID31265.webp"
"リング3だん","V6-168","プリズミー☆サンシャイン","シューズ","https://aipri.jp/verse/item/img/ring3/Item_ID31272.webp"
"リング3だん","APR1-169","セブンスコーデラブリー","ワンピース","https://aipri.jp/verse/item/img/ring3/Item_ID31500.webp"
"リング3だん","APR1-170","セブンスコーデラブリー","シューズ","https://aipri.jp/verse/item/img/ring3/Item_ID31501.webp"
"リング3だん","V2-198","トゥインクルリボンサイリウム","ワンピース","https://aipri.jp/verse/item/img/ring3/Item_ID30412.webp"
"リング3だん","V2-199","トゥインクルリボンサイリウム","シューズ","https://aipri.jp/verse/item/img/ring3/Item_ID30413.webp"
"リング3だん","V2-200","トゥインクルリボンサイリウム","アクセサリ","https://aipri.jp/verse/item/img/ring3/Item_ID30414.webp"
"リング3だん","V3-153","ファンタジータイムサイリウム","ワンピース","https://aipri.jp/verse/item/img/ring3/Item_ID30612.webp"
"リング3だん","V3-154","ファンタジータイムサイリウム","シューズ","https://aipri.jp/verse/item/img/ring3/Item_ID30613.webp"
"リング3だん","V3-155","ファンタジータイムサイリウム","アクセサリ","https://aipri.jp/verse/item/img/ring3/Item_ID30614.webp"
"リング3だん","V4-147","スイートハニーキラッと","ワンピース","https://aipri.jp/verse/item/img/ring3/Item_ID30825.webp"
"リング3だん","V4-148","スイートハニーキラッと","シューズ","https://aipri.jp/verse/item/img/ring3/Item_ID30826.webp"
"リング3だん","V4-149","スイートハニーキラッと","アクセサリ","https://aipri.jp/verse/item/img/ring3/Item_ID30827.webp"
"リング3だん","V5-149","ハートフェザー","ワンピース","https://aipri.jp/verse/item/img/ring3/Item_ID31035.webp"
"リング3だん","V5-150","ハートフェザー","シューズ","https://aipri.jp/verse/item/img/ring3/Item_ID31036.webp"
"リング3だん","V5-151","ハートフェザー","アクセサリ","https://aipri.jp/verse/item/img/ring3/Item_ID31037.webp"
"リング3だん","APR3-164","てんしなえびてん だいすき","ワンピース","https://aipri.jp/verse/item/img/ring3/Item_ID32047.webp"
"リング3だん","APR3-165","てんしなえびてん だいすき","シューズ","https://aipri.jp/verse/item/img/ring3/Item_ID32048.webp"
"リング3だん","APR3-166","てんしなえびてん だいすき","アクセサリ","https://aipri.jp/verse/item/img/ring3/Item_ID32049.webp"
"リング3だん","APR3-167","ときせん あきちゃん コーデ","ワンピース","https://aipri.jp/verse/item/img/ring3/Item_ID40623.webp"
"リング3だん","APR3-168","ときせん あきちゃん コーデ","シューズ","https://aipri.jp/verse/item/img/ring3/Item_ID40624.webp"
"リング3だん","APR3-169","ときせん あきちゃん コーデ","アクセサリ","https://aipri.jp/verse/item/img/ring3/Item_ID40625.webp"
"リング3だん","APR3-170","ときせん ひよりん コーデ","ワンピース","https://aipri.jp/verse/item/img/ring3/Item_ID40632.webp"
"リング3だん","APR3-171","ときせん ひよりん コーデ","シューズ","https://aipri.jp/verse/item/img/ring3/Item_ID40633.webp"
"リング3だん","APR3-172","ときせん ひよりん コーデ","アクセサリ","https://aipri.jp/verse/item/img/ring3/Item_ID40634.webp"
"リング3だん","APR3-016","エターナルアニマルビビアンチィ　チィ","ワンピース","https://aipri.jp/verse/item/img/ring3/Item_ID32081.webp"
"リング3だん","APR3-017","エターナルアニマルビビアンチィ　チィ","シューズ","https://aipri.jp/verse/item/img/ring3/Item_ID32082.webp"
"リング3だん","APR3-018","エターナルアニマルビビアンチィ　チィ","アクセサリ","https://aipri.jp/verse/item/img/ring3/Item_ID32083.webp"
"リング3だん","APR3-019","エターナルアニマルビビアンチィ　ビビ","ワンピース","https://aipri.jp/verse/item/img/ring3/Item_ID32081.webp"
"リング3だん","APR3-077","アイプリバースラブマイミュージックタイガー","ワンピース","https://aipri.jp/verse/item/img/ring3/Item_ID31958.webp"
"リング3だん","APR3-078","アイプリバースラブマイミュージックタイガー","シューズ","https://aipri.jp/verse/item/img/ring3/Item_ID31959.webp"
"リング3だん","APR3-079","アイプリバースラブマイミュージックタイガー","アクセサリ","https://aipri.jp/verse/item/img/ring3/Item_ID31960.webp"
"リング3だん","APR3-080","アイプリバースポッピンハート","ワンピース","https://aipri.jp/verse/item/img/ring3/Item_ID31961.webp"
"リング3だん","APR3-081","アイプリバースポッピンハート","シューズ","https://aipri.jp/verse/item/img/ring3/Item_ID31962.webp"
"リング3だん","APR3-082","アイプリバースポッピンハート","アクセサリ","https://aipri.jp/verse/item/img/ring3/Item_ID31963.webp"
"リング3だん","APR3-083","アイプリバースフラワーマーチ","ワンピース","https://aipri.jp/verse/item/img/ring3/Item_ID31964.webp"
"リング3だん","APR3-084","アイプリバースフラワーマーチ","シューズ","https://aipri.jp/verse/item/img/ring3/Item_ID31965.webp"
"リング3だん","APR3-085","アイプリバースフラワーマーチ","アクセサリ","https://aipri.jp/verse/item/img/ring3/Item_ID31966.webp"
"リング3だん","APR3-086","アイプリバースラブマイミュージック","トップス","https://aipri.jp/verse/item/img/ring3/Item_ID31967.webp"
"リング3だん","APR3-087","アイプリバースラブマイミュージック","ボトムス","https://aipri.jp/verse/item/img/ring3/Item_ID31968.webp"
"リング3だん","APR3-088","アイプリバースラブマイミュージック","シューズ","https://aipri.jp/verse/item/img/ring3/Item_ID31969.webp"
"リング3だん","APR3-089","アイプリバースラブマイミュージック","アクセサリ","https://aipri.jp/verse/item/img/ring3/Item_ID31970.webp"
"リング3だん","APR3-090","おえかきパレットブルーベージュ","ワンピース","https://aipri.jp/verse/item/img/ring3/Item_ID31990.webp"
"リング3だん","APR3-091","おえかきパレットブルーベージュ","シューズ","https://aipri.jp/verse/item/img/ring3/Item_ID31991.webp"
"リング3だん","APR3-092","おえかきパレットブルーベージュ","アクセサリ","https://aipri.jp/verse/item/img/ring3/Item_ID31992.webp"
"リング3だん","APR3-093","スターカウガールグリーン","トップス","https://aipri.jp/verse/item/img/ring3/Item_ID31975.webp"
"リング3だん","APR3-094","スターカウガールグリーン","ボトムス","https://aipri.jp/verse/item/img/ring3/Item_ID31976.webp"
"リング3だん","APR3-095","スターカウガールグリーン","シューズ","https://aipri.jp/verse/item/img/ring3/Item_ID31977.webp"
"リング3だん","APR3-096","スターカウガールグリーン","アクセサリ","https://aipri.jp/verse/item/img/ring3/Item_ID31978.webp"
"リング3だん","APR3-097","ことりメルヘンイエロー","トップス","https://aipri.jp/verse/item/img/ring3/Item_ID31983.webp"
"リング3だん","APR3-098","ことりメルヘンイエロー","ボトムス","https://aipri.jp/verse/item/img/ring3/Item_ID31984.webp"
"リング3だん","APR3-099","ことりメルヘンイエロー","シューズ","https://aipri.jp/verse/item/img/ring3/Item_ID31985.webp"
"リング3だん","APR3-100","ことりメルヘンイエロー","アクセサリ","https://aipri.jp/verse/item/img/ring3/Item_ID31986.webp"
"リング3だん","APR3-101","かれいなるきんぎょブラック","ワンピース","https://aipri.jp/verse/item/img/ring3/Item_ID31987.webp"
"リング3だん","APR3-102","かれいなるきんぎょブラック","シューズ","https://aipri.jp/verse/item/img/ring3/Item_ID31988.webp"
"リング3だん","APR3-103","かれいなるきんぎょブラック","アクセサリ","https://aipri.jp/verse/item/img/ring3/Item_ID31989.webp"
"リング3だん","APR3-104","クラシックライブラリーパステル","トップス","https://aipri.jp/verse/item/img/ring3/Item_ID31993.webp"
"リング3だん","APR3-105","クラシックライブラリーパステル","ボトムス","https://aipri.jp/verse/item/img/ring3/Item_ID31994.webp"
"リング3だん","APR3-106","クラシックライブラリーパステル","シューズ","https://aipri.jp/verse/item/img/ring3/Item_ID31995.webp"
"リング3だん","APR3-107","クラシックライブラリーパステル","アクセサリ","https://aipri.jp/verse/item/img/ring3/Item_ID31996.webp"
"リング3だん","APR3-108","うさぎぬいぐるみ","トップス","https://aipri.jp/verse/item/img/ring3/Item_ID31979.webp"
"リング3だん","APR3-109","うさぎぬいぐるみ","ボトムス","https://aipri.jp/verse/item/img/ring3/Item_ID31980.webp"
"リング3だん","APR3-110","うさぎぬいぐるみ","シューズ","https://aipri.jp/verse/item/img/ring3/Item_ID31981.webp"
"リング3だん","APR3-111","うさぎぬいぐるみ","アクセサリ","https://aipri.jp/verse/item/img/ring3/Item_ID31982.webp"
"リング3だん","APR3-112","パンキッシュペンギンパステル","トップス","https://aipri.jp/verse/item/img/ring3/Item_ID31971.webp"
"リング3だん","APR3-113","パンキッシュペンギンパステル","ボトムス","https://aipri.jp/verse/item/img/ring3/Item_ID31972.webp"
"リング3だん","APR3-114","パンキッシュペンギンパステル","シューズ","https://aipri.jp/verse/item/img/ring3/Item_ID31973.webp"
"リング3だん","APR3-115","パンキッシュペンギンパステル","アクセサリ","https://aipri.jp/verse/item/img/ring3/Item_ID31974.webp"
"リング3だん","V3-22２","スターメロディレッド","トップス","https://aipri.jp/verse/item/img/ring3/Item_ID30681.webp"
"リング3だん","V3-223","スターメロディレッド","ボトムス","https://aipri.jp/verse/item/img/ring3/Item_ID30682.webp"
"リング3だん","V3-224","スターメロディレッド","シューズ","https://aipri.jp/verse/item/img/ring3/Item_ID30683.webp"
"リング3だん","V3-225","スターメロディレッド","アクセサリ","https://aipri.jp/verse/item/img/ring3/Item_ID30684.webp"
"リング3だん","V3-226","ハートメロディネイビー","トップス","https://aipri.jp/verse/item/img/ring3/Item_ID30685.webp"
"リング3だん","V3-227","ハートメロディネイビー","ボトムス","https://aipri.jp/verse/item/img/ring3/Item_ID30686.webp"
"リング3だん","V3-228","ハートメロディネイビー","シューズ","https://aipri.jp/verse/item/img/ring3/Item_ID30687.webp"
"リング3だん","V3-229","ハートメロディネイビー","アクセサリ","https://aipri.jp/verse/item/img/ring3/Item_ID30688.webp"
"リング3だん","APR3-116","スターパーティーよぞらネイビー","トップス","https://aipri.jp/verse/item/img/ring3/Item_ID32000.webp"
"リング3だん","APR3-117","スターパーティーよぞらネイビー","ボトムス","https://aipri.jp/verse/item/img/ring3/Item_ID32001.webp"
"リング3だん","APR3-118","スターパーティーよぞらネイビー","シューズ","https://aipri.jp/verse/item/img/ring3/Item_ID32002.webp"
"リング3だん","APR3-119","スターパーティーよぞらネイビー","アクセサリ","https://aipri.jp/verse/item/img/ring3/Item_ID32003.webp"
"リング3だん","APR3-120","ハニービーフラワー","トップス","https://aipri.jp/verse/item/img/ring3/Item_ID32004.webp"
"リング3だん","APR3-121","ハニービーフラワー","ボトムス","https://aipri.jp/verse/item/img/ring3/Item_ID32005.webp"
"リング3だん","APR3-122","ハニービーフラワー","シューズ","https://aipri.jp/verse/item/img/ring3/Item_ID32006.webp"
"リング3だん","APR3-123","ハニービーフラワー","アクセサリ","https://aipri.jp/verse/item/img/ring3/Item_ID32007.webp"
"リング3だん","APR3-124","トロピカルサマーイエロー","ワンピース","https://aipri.jp/verse/item/img/ring3/Item_ID31997.webp"
"リング3だん","APR3-125","トロピカルサマーイエロー","シューズ","https://aipri.jp/verse/item/img/ring3/Item_ID31998.webp"
"リング3だん","APR3-126","トロピカルサマーイエロー","アクセサリ","https://aipri.jp/verse/item/img/ring3/Item_ID31999.webp"
"リング3だん","APR3-127","クールアイドルホワイトレッド","トップス","https://aipri.jp/verse/item/img/ring3/Item_ID32008.webp"
"リング3だん","APR3-128","クールアイドルホワイトレッド","ボトムス","https://aipri.jp/verse/item/img/ring3/Item_ID32009.webp"
"リング3だん","APR3-129","クールアイドルホワイトレッド","シューズ","https://aipri.jp/verse/item/img/ring3/Item_ID32010.webp"
"リング3だん","APR3-130","クールアイドルホワイトレッド","アクセサリ","https://aipri.jp/verse/item/img/ring3/Item_ID32011.webp"
"リング3だん","APR3-131","すばるのアイムゥ","トップス","https://aipri.jp/verse/item/img/ring3/Item_ID32012.webp"
"リング3だん","APR3-132","すばるのアイムゥ","ボトムス","https://aipri.jp/verse/item/img/ring3/Item_ID32013.webp"
"リング3だん","APR3-133","すばるのアイムゥ","シューズ","https://aipri.jp/verse/item/img/ring3/Item_ID32014.webp"
"リング3だん","APR3-134","すばるのアイムゥ","アクセサリ","https://aipri.jp/verse/item/img/ring3/Item_ID32015.webp"
"リング3だん","APR3-135","おとめのアイムゥ","トップス","https://aipri.jp/verse/item/img/ring3/Item_ID32016.webp"
"リング3だん","APR3-136","おとめのアイムゥ","ボトムス","https://aipri.jp/verse/item/img/ring3/Item_ID32017.webp"
"リング3だん","APR3-137","おとめのアイムゥ","シューズ","https://aipri.jp/verse/item/img/ring3/Item_ID32018.webp"
"リング3だん","APR3-138","おとめのアイムゥ","アクセサリ","https://aipri.jp/verse/item/img/ring3/Item_ID32019.webp"
"リング3だん","APR3-198","ぺんぺんぺんぎん","ワンピース","https://aipri.jp/verse/item/img/ring3/Item_ID32091.webp"
"リング3だん","APR3-199","ぺんぺんぺんぎん","シューズ","https://aipri.jp/verse/item/img/ring3/Item_ID32092.webp"
"リング3だん","APR3-200","ぺんぺんぺんぎん","アクセサリ","https://aipri.jp/verse/item/img/ring3/Item_ID32093.webp"
"リング3だん","APR3-201","にゃんこみけ","トップス","https://aipri.jp/verse/item/img/ring3/Item_ID32094.webp"
"リング3だん","APR3-202","にゃんこみけ","ボトムス","https://aipri.jp/verse/item/img/ring3/Item_ID32095.webp"
"リング3だん","APR3-203","にゃんこみけ","シューズ","https://aipri.jp/verse/item/img/ring3/Item_ID32096.webp"
"リング3だん","APR3-204","にゃんこみけ","アクセサリ","https://aipri.jp/verse/item/img/ring3/Item_ID32097.webp"
"リング3だん","APR3-205","パンダチャイナ","トップス","https://aipri.jp/verse/item/img/ring3/Item_ID32098.webp"
"リング3だん","APR3-206","パンダチャイナ","ボトムス","https://aipri.jp/verse/item/img/ring3/Item_ID32099.webp"
"リング3だん","APR3-207","パンダチャイナ","シューズ","https://aipri.jp/verse/item/img/ring3/Item_ID32100.webp"
"リング3だん","APR3-208","パンダチャイナ","アクセサリ","https://aipri.jp/verse/item/img/ring3/Item_ID32101.webp"
"リング3だん","APR3-209","タテジマなりきり","ワンピース","https://aipri.jp/verse/item/img/ring3/Item_ID32102.webp"
"リング3だん","APR3-210","タテジマなりきり","シューズ","https://aipri.jp/verse/item/img/ring3/Item_ID32103.webp"
"リング3だん","APR3-211","タテジマなりきり","アクセサリ","https://aipri.jp/verse/item/img/ring3/Item_ID32104.webp"
"リング3だん","APR3-212","わんわんダルメシアン","トップス","https://aipri.jp/verse/item/img/ring3/Item_ID32105.webp"
"リング3だん","APR3-213","わんわんダルメシアン","ボトムス","https://aipri.jp/verse/item/img/ring3/Item_ID32106.webp"
"リング3だん","APR3-214","わんわんダルメシアン","シューズ","https://aipri.jp/verse/item/img/ring3/Item_ID32107.webp"
"リング3だん","APR3-215","わんわんダルメシアン","アクセサリ","https://aipri.jp/verse/item/img/ring3/Item_ID32108.webp"
"リング3だん","APR3-216","くまくまパーク","トップス","https://aipri.jp/verse/item/img/ring3/Item_ID32109.webp"
"リング3だん","APR3-217","くまくまパーク","ボトムス","https://aipri.jp/verse/item/img/ring3/Item_ID32110.webp"
"リング3だん","APR3-218","くまくまパーク","シューズ","https://aipri.jp/verse/item/img/ring3/Item_ID32111.webp"
"リング3だん","APR3-219","くまくまパーク","アクセサリ","https://aipri.jp/verse/item/img/ring3/Item_ID32112.webp"
"リング3だん","APR1-072","プリうさおでかけ","トップス","https://aipri.jp/verse/item/img/ring3/Item_ID31403.webp"
"リング3だん","APR1-073","プリうさおでかけ","ボトムス","https://aipri.jp/verse/item/img/ring3/Item_ID31404.webp"
"リング3だん","APR1-074","プリうさおでかけ","シューズ","https://aipri.jp/verse/item/img/ring3/Item_ID31405.webp"
"リング3だん","APR1-075","プリうさおでかけ","アクセサリ","https://aipri.jp/verse/item/img/ring3/Item_ID31406.webp"